<?xml version="1.0"?>
<!--
	The base directory must be set to the MXES Classes subdirectory
-->
<project name="MAXIMO" default="rmic.ALL" basedir=".">
	<description>
		This file is used for building MAXIMO stub files.
	</description>
	<target name="init" description="Initializes the directories and file names">
		<property name="maximo.businessobjects.src" value=""/>
		<property name="maximo.businessobjects.build" value="${basedir}"/>
		<property name="maximo.stubversion" value="1.2"/>
		<property name="build.rmic" value="sun"/>
		<echo>Generating RMI Stubs using version "${maximo.stubversion}"</echo>
	</target>

	<!--
		Custom Mbo
		To add this to all MAXIMO mbos rmic add this target to build-rmic-stubs.xml before the target name="rmic.ALL"
		and update the list for all with rmic.C_CompCertHist
	-->
	<!--<target name="rmic.C_CompCertHist" depends="init" description="Generate RMI Stubs for com.ikea.cafm.app.company package">
		<echo>rmic com.ikea.cafm.app.company package</echo>
		<rmic base="${maximo.businessobjects.build}" stubversion="${maximo.stubversion}">
			<include name="com\ikea\cafm\app\company\C_CompCertHist.class"/>
			<include name="com\ikea\cafm\app\company\C_CompCertHistSet.class"/>
			<include name="com\ikea\cafm\app\company\C_CompQual.class"/>
			<include name="com\ikea\cafm\app\company\C_CompQualSet.class"/>
			<include name="com\ikea\cafm\app\company\C_CompQualStatus.class"/>
			<include name="com\ikea\cafm\app\company\C_CompQualStatusSet.class"/>
		</rmic>
	</target>-->
	 <target name="compile-stubs" depends="init">
	        <rmic base="${maximo.businessobjects.build}" stubversion="1.2">
	            <include name="com\ikea\cafm\app\company\C_CompCertHist.class"/>
	        	<include name="com\ikea\cafm\app\company\C_CompCertHistSet.class"/>
	        	<include name="com\ikea\cafm\app\company\C_CompQual.class"/>
	        	<include name="com\ikea\cafm\app\company\C_CompQualSet.class"/>
	        	<include name="com\ikea\cafm\app\company\C_CompQualStatus.class"/>
	        	<include name="com\ikea\cafm\app\company\C_CompQualStatusSet.class"/>
	        </rmic>
	    </target>
	<target name="rmic.ALL" depends="init,compile-stubs" description="Generate RMI Stubs for all packages"/>
</project>

